height,weight,age,cup,income,score,suki
154,46,36,f,66000,116,1
162,32,12,d,59000,140,1
140,53,17,f,70000,146,1
169,54,36,e,70000,120,1
143,56,17,e,22000,104,0
165,40,33,f,27000,80,0
166,45,27,e,66000,130,1
160,62,33,d,77000,106,0
143,59,38,f,55000,107,0
159,38,33,c,52000,84,0
156,53,14,a,73000,130,1
140,63,37,d,23000,56,0
150,62,37,d,43000,74,0
144,45,27,e,20000,84,0
162,55,35,b,58000,93,0
145,61,12,a,77000,128,1
166,57,36,b,75000,111,1
147,57,26,c,56000,104,0
161,55,23,e,37000,108,0
151,63,27,e,66000,118,1
158,35,14,d,57000,120,1
169,34,29,f,71000,140,1
142,43,18,c,60000,114,1
161,37,13,c,29000,92,0
148,52,33,c,41000,80,0
166,69,12,d,58000,138,1
149,59,34,d,59000,95,0
166,64,28,d,61000,117,1
156,33,24,e,52000,111,1
155,40,31,e,26000,69,0
160,46,22,f,66000,131,1
142,52,12,c,45000,125,1
163,52,13,d,66000,144,1
169,62,37,c,68000,96,0
147,54,16,d,62000,134,1
141,51,28,f,59000,122,1
161,53,24,b,29000,81,0
140,68,36,f,50000,86,0
160,66,37,e,65000,103,0
164,49,12,b,46000,124,1
147,31,39,a,37000,49,0
155,52,26,a,42000,88,0
158,55,35,a,66000,91,0
144,50,19,c,66000,123,1
146,40,34,c,20000,52,0
169,45,26,f,29000,100,0
157,54,31,c,39000,76,0
166,63,20,c,49000,108,0
150,38,30,f,42000,103,0
157,62,16,c,23000,85,0
158,56,32,e,26000,79,0
168,33,22,d,53000,110,1
155,50,29,b,68000,107,0
146,36,27,f,40000,94,0
166,36,17,e,79000,149,1
167,55,37,a,48000,78,0
154,49,39,c,61000,98,0
154,54,24,d,40000,97,0
145,60,21,e,78000,134,1
147,69,38,e,48000,80,0
162,53,39,d,20000,78,0
161,50,23,d,56000,115,1
159,40,39,e,76000,114,1
155,52,19,a,42000,103,0
153,34,18,b,79000,126,1
142,34,31,a,50000,58,0
147,54,23,a,69000,101,0
158,38,23,e,55000,111,1
140,48,26,c,57000,99,0
152,40,15,f,44000,123,1
166,51,39,c,33000,81,0
154,46,16,b,28000,86,0
166,49,17,b,29000,91,0
167,53,14,e,40000,123,1
146,60,35,d,53000,95,0
165,45,16,b,71000,136,1
158,68,19,c,46000,103,0
151,54,27,c,30000,82,0
148,53,38,c,29000,62,0
145,49,36,c,68000,93,0
157,54,20,e,20000,109,1
163,45,32,c,28000,67,0
157,63,36,e,36000,76,0
156,50,23,f,74000,140,1
147,45,23,f,30000,90,0
149,51,33,f,36000,89,0
161,32,18,e,28000,104,0
143,38,27,a,36000,64,0
163,41,28,c,49000,100,0
140,63,16,d,39000,95,0
146,51,32,e,49000,92,0
155,58,12,c,59000,139,1
153,49,37,d,58000,95,0
155,45,17,e,44000,122,1
152,57,38,b,56000,88,0
164,54,14,a,46000,108,0
162,47,31,c,41000,85,0
162,39,28,c,73000,122,1
163,48,18,c,64000,133,1
169,55,13,f,74000,165,1
150,46,39,b,22000,51,0
155,58,37,e,43000,97,0
140,64,28,e,77000,122,1
144,69,30,a,60000,80,0
157,55,36,a,64000,91,0
143,40,34,d,78000,103,0
168,50,27,e,79000,139,1
149,60,30,f,58000,122,1
158,69,23,a,56000,85,0
160,56,13,f,35000,124,1
157,60,39,f,43000,103,0
166,49,22,c,40000,91,0
158,49,34,e,68000,110,1
169,67,27,d,23000,81,0
145,69,18,d,32000,95,0
157,40,12,d,24000,108,0
152,47,15,c,21000,92,0
147,54,34,f,71000,125,1
155,68,20,f,35000,112,1
146,59,21,d,26000,83,0
166,51,31,b,64000,102,0
159,69,24,e,57000,109,1
144,63,30,d,62000,107,0
142,62,32,b,51000,71,0
168,57,38,f,63000,126,1
140,37,17,e,78000,139,1
158,40,19,f,77000,150,1
167,38,17,c,53000,119,1
161,54,23,b,55000,108,0
151,35,17,c,77000,132,1
159,31,38,f,71000,120,1
158,63,18,a,67000,109,1
143,32,27,d,31000,82,0
155,49,23,c,29000,77,0
160,50,23,d,44000,101,0
150,44,13,a,44000,93,0
165,43,32,b,52000,88,0
149,66,12,d,65000,137,1
167,58,32,f,57000,117,1
154,57,32,c,21000,67,0
154,69,37,d,39000,70,0
148,50,15,a,43000,93,0
154,32,19,b,69000,117,1
151,57,33,b,30000,61,0
148,48,17,c,78000,132,1
151,52,37,e,72000,124,1
147,39,36,b,41000,64,0
150,39,13,b,56000,103,0
157,49,33,f,27000,80,0
155,56,34,a,56000,82,0
166,34,33,c,62000,98,0
145,63,16,e,60000,119,1
151,43,28,c,41000,95,0
157,40,15,c,46000,105,0
141,52,38,c,34000,71,0
165,34,31,c,39000,71,0
160,44,27,f,41000,113,1
166,69,38,c,40000,69,0
160,42,27,c,53000,104,0
149,62,19,c,44000,98,0
145,31,21,b,46000,79,0
141,58,39,f,32000,89,0
143,32,15,f,70000,136,1
145,53,30,c,55000,104,0
169,63,19,c,43000,108,0
140,35,19,f,53000,127,1
140,66,35,c,59000,77,0
162,49,31,d,36000,82,0
148,57,16,f,25000,110,1
166,62,39,f,40000,87,0
166,59,21,f,33000,114,1
151,40,23,f,20000,90,0
143,46,16,d,75000,138,1
162,57,30,a,54000,102,0
168,48,24,d,51000,115,1
142,42,13,f,66000,141,1
158,30,19,b,45000,99,0
150,60,37,d,36000,77,0
157,53,23,f,50000,118,1
145,54,25,a,37000,74,0
152,57,22,b,52000,103,0
167,52,21,f,59000,132,1
168,59,36,b,64000,102,0
152,47,14,a,39000,89,0
155,44,38,b,68000,92,0
167,61,21,b,33000,78,0
165,43,15,b,41000,109,1
151,54,37,f,20000,85,0
158,59,27,c,64000,118,1
160,32,34,d,70000,99,0
142,60,20,f,61000,146,1
145,39,36,d,60000,85,0
160,48,25,c,42000,95,0
168,53,31,d,48000,96,0
162,56,19,f,31000,129,1
156,36,21,b,40000,75,0
164,69,16,a,33000,87,0
141,63,36,b,42000,62,0
152,42,21,e,22000,89,0
161,69,30,d,63000,117,1
165,58,33,f,66000,126,1
142,49,38,f,28000,75,0
166,63,26,a,63000,99,0
150,41,33,b,37000,60,0
146,37,17,b,70000,112,1
161,49,18,c,20000,97,0
145,52,28,e,50000,107,0
168,56,31,d,57000,105,0
166,30,38,c,30000,62,0
155,40,18,a,52000,102,0
148,36,27,a,79000,100,0
140,39,39,e,74000,109,1
145,68,25,f,78000,128,1
167,45,27,a,52000,97,0
156,57,22,d,57000,115,1
141,46,16,c,79000,132,1
165,39,24,d,26000,83,0
142,50,27,c,64000,108,0
164,69,35,d,75000,111,1
160,57,24,c,25000,82,0
143,50,22,f,36000,99,0
168,58,23,a,67000,111,1
164,46,14,a,63000,121,1
146,42,39,a,43000,63,0
143,44,38,d,30000,63,0
154,63,15,a,61000,109,1
144,36,39,b,59000,73,0
159,61,15,d,70000,127,1
164,34,37,d,78000,113,1
142,67,20,c,70000,116,1
159,67,21,f,42000,106,0
165,57,32,d,33000,87,0
160,37,35,b,21000,51,0
152,38,16,e,37000,108,0
156,33,16,a,33000,84,0
142,40,18,a,65000,106,0
147,40,17,a,63000,106,0
148,48,32,c,22000,57,0
159,63,32,d,22000,61,0
148,55,37,a,28000,50,0
159,69,17,a,75000,118,1
140,40,25,e,76000,124,1
145,37,31,c,47000,70,0
157,68,15,e,61000,133,1
165,40,16,f,42000,128,1
162,52,37,b,33000,75,0
157,53,14,b,25000,91,0
159,68,24,c,64000,106,0
147,40,15,b,65000,112,1
144,58,15,d,20000,98,0
169,42,35,f,65000,121,1
146,33,17,f,47000,118,1
165,32,28,d,65000,119,1
152,39,16,b,23000,81,0
164,43,20,e,32000,118,1
142,31,22,e,49000,97,0
164,33,16,a,40000,89,0
163,63,32,c,45000,78,0
147,65,38,b,28000,44,0
162,37,18,e,31000,113,1
146,63,15,d,27000,86,0
160,30,28,a,22000,60,0
163,32,16,a,70000,116,1
152,42,33,a,56000,77,0
142,53,18,e,70000,140,1
168,37,27,e,74000,134,1
144,48,29,d,78000,123,1
161,52,30,f,55000,132,1
145,51,12,d,59000,140,1
155,37,38,b,73000,96,0
143,55,19,d,32000,107,0
151,45,35,d,54000,95,0
159,67,23,b,40000,73,0
162,32,34,c,20000,62,0
155,35,38,d,24000,63,0
157,36,22,e,31000,93,0
145,40,34,a,37000,49,0
166,61,33,f,58000,105,0
161,56,12,a,36000,114,1
162,41,15,f,29000,115,1
143,37,15,f,36000,109,1
167,37,34,a,55000,77,0
156,62,33,a,68000,79,0
146,49,19,a,36000,84,0
158,69,20,e,36000,106,0
151,63,21,a,50000,76,0
141,34,14,e,37000,103,0
166,41,39,f,75000,130,1
148,43,15,d,51000,120,1
154,31,35,a,71000,90,0
167,66,36,e,69000,108,0
140,31,27,b,63000,97,0
165,42,15,c,43000,115,1
156,38,24,a,72000,105,0
150,55,16,d,36000,107,0
162,30,18,f,56000,137,1
169,68,30,d,41000,99,0
156,55,33,c,65000,103,0
154,48,25,b,25000,71,0
147,34,36,c,48000,70,0
165,68,19,d,57000,123,1
165,59,21,c,61000,123,1
150,42,29,f,71000,135,1
159,56,27,a,68000,106,0
148,32,22,c,44000,85,0
162,67,30,f,72000,138,1
154,59,25,f,45000,118,1
161,65,19,a,37000,87,0
158,34,14,d,54000,120,1
151,38,22,a,53000,87,0
162,36,24,a,77000,110,1
169,51,29,c,20000,87,0
168,57,36,b,51000,93,0
152,48,28,c,72000,122,1
164,64,30,a,54000,90,0
151,64,27,f,77000,133,1
156,67,16,f,64000,139,1
152,46,37,f,50000,98,0
158,61,15,e,59000,124,1
155,42,25,c,76000,122,1
157,62,26,e,42000,100,0
157,51,23,e,62000,130,1
154,51,22,d,35000,97,0
151,65,25,d,73000,121,1
153,45,30,f,23000,95,0
155,37,18,e,23000,99,0
157,68,18,b,36000,88,0
154,57,20,b,68000,127,1
158,47,34,f,70000,116,1
152,45,20,d,74000,143,1
162,44,13,a,66000,121,1
160,53,28,d,34000,97,0
146,50,33,b,70000,87,0
152,56,25,e,70000,130,1
163,67,17,f,77000,153,1
154,68,14,e,68000,133,1
146,60,39,f,59000,107,0
145,65,25,d,49000,89,0
162,64,22,d,36000,90,0
150,51,28,a,78000,110,1
149,38,15,a,73000,115,1
142,51,33,b,47000,74,0
159,30,27,b,35000,75,0
165,48,15,c,38000,106,0
160,62,12,b,67000,130,1
165,62,27,e,30000,87,0
153,58,31,b,79000,106,0
142,65,24,f,52000,110,1
146,30,29,a,59000,82,0
146,53,29,b,63000,107,0
142,49,20,d,21000,93,0
148,65,38,f,38000,77,0
146,43,15,b,32000,90,0
140,39,31,d,78000,103,0
162,67,12,d,49000,129,1
158,33,29,d,30000,78,0
163,50,25,e,20000,94,0
145,38,33,d,36000,67,0
158,50,12,b,24000,101,0
155,41,17,d,43000,116,1
166,49,21,c,72000,127,1
140,35,30,f,45000,103,0
159,33,21,f,66000,126,1
153,60,12,c,60000,139,1
155,34,23,c,41000,90,0
144,54,33,b,25000,56,0
141,57,39,b,41000,74,0
157,35,19,e,76000,144,1
163,66,33,d,30000,66,0
165,69,16,b,26000,84,0
162,43,32,d,33000,82,0
162,54,22,e,42000,117,1
160,56,24,d,26000,88,0
152,68,12,f,44000,136,1
167,52,21,f,27000,105,0
168,46,32,c,21000,67,0
142,43,26,e,46000,102,0
165,61,28,c,73000,120,1
166,66,14,f,77000,153,1
154,64,12,f,53000,145,1
146,55,29,b,40000,80,0
164,58,34,d,54000,105,0
149,37,24,a,61000,91,0
140,64,38,a,49000,56,0
159,38,26,c,40000,81,0
161,53,19,a,45000,108,0
165,58,19,f,78000,165,1
148,60,20,f,38000,119,1
149,57,29,c,44000,95,0
155,34,30,f,56000,117,1
162,60,37,a,67000,96,0
148,69,15,f,32000,107,0
151,58,32,b,67000,97,0
164,60,36,d,54000,105,0
157,48,17,c,36000,101,0
155,69,30,e,20000,82,0
158,39,15,b,75000,126,1
167,66,18,b,70000,120,1
169,65,38,b,38000,63,0
161,44,24,f,75000,145,1
147,68,34,a,53000,65,0
160,68,28,e,32000,91,0
155,38,28,a,33000,69,0
166,67,19,c,63000,126,1
161,49,39,f,78000,130,1
166,66,39,c,20000,60,0
168,45,13,e,31000,118,1
161,51,20,e,72000,159,1
149,52,12,f,49000,143,1
166,31,30,d,27000,83,0
141,65,15,a,51000,95,0
158,46,21,a,52000,92,0
145,44,19,c,29000,87,0
168,51,22,c,39000,96,0
142,54,16,a,44000,98,0
146,45,34,d,54000,90,0
155,47,15,d,41000,116,1
153,52,12,f,39000,139,1
168,63,18,e,46000,120,1
142,58,36,f,49000,98,0
162,30,31,f,24000,80,0
166,69,23,b,75000,114,1
140,64,33,e,42000,80,0
148,61,19,a,35000,77,0
155,41,21,b,31000,80,0
169,48,23,e,51000,121,1
145,32,27,c,41000,85,0
149,53,26,c,76000,122,1
140,39,13,f,24000,100,0
160,48,28,b,20000,71,0
146,36,19,d,32000,97,0
163,54,28,d,42000,111,1
161,57,16,e,78000,159,1
147,45,16,e,65000,135,1
149,38,24,d,39000,82,0
141,39,19,f,29000,100,0
150,33,12,b,21000,91,0
159,34,29,b,75000,111,1
143,51,21,b,22000,71,0
155,46,13,e,54000,131,1
157,51,15,c,60000,124,1
158,62,38,f,37000,82,0
160,49,23,f,34000,104,0
161,36,25,a,78000,110,1
149,69,23,a,78000,98,0
157,40,16,f,63000,141,1
143,49,32,d,28000,63,0
169,45,15,e,42000,127,1
159,69,37,b,36000,58,0
151,55,30,f,76000,145,1
154,35,32,a,50000,63,0
160,35,24,b,76000,111,1
150,68,29,f,64000,119,1
168,41,26,b,32000,85,0
157,36,33,e,58000,96,0
143,58,31,e,28000,74,0
152,30,19,d,63000,129,1
155,68,22,b,52000,91,0
153,39,33,c,62000,93,0
167,44,25,a,43000,88,0
169,45,23,c,65000,118,1
162,34,25,f,22000,95,0
140,55,13,b,25000,86,0
140,39,14,b,30000,76,0
168,43,20,a,65000,121,1
146,66,17,f,72000,143,1
169,69,19,b,69000,120,1
151,41,20,b,37000,95,0
153,43,29,c,61000,113,1
168,57,38,f,48000,108,0
160,45,12,d,64000,149,1
151,30,34,e,24000,69,0
157,32,32,a,23000,45,0
169,46,33,c,53000,94,0
142,45,12,c,30000,102,0
158,40,12,d,35000,117,1
169,45,13,c,70000,133,1
159,36,31,e,21000,69,0
156,49,19,e,74000,149,1
167,49,24,e,23000,94,0
165,31,30,f,36000,104,0
151,37,19,f,75000,150,1
141,62,25,b,43000,77,0
164,40,38,a,28000,50,0
148,59,24,b,77000,116,1
152,69,13,d,26000,91,0
145,37,32,d,44000,76,0
153,67,31,a,76000,88,0
152,52,34,e,32000,88,0
158,38,27,b,40000,75,0
166,44,29,a,41000,88,0
146,63,28,d,79000,116,1
158,63,18,a,23000,73,0
146,57,29,d,32000,92,0
167,33,19,f,36000,119,1
167,59,14,b,33000,105,0
144,65,24,d,66000,107,0
168,40,20,c,32000,101,0
164,40,16,f,76000,155,1
160,55,25,e,38000,103,0
153,48,28,d,58000,110,1
155,57,19,d,52000,130,1
163,65,13,c,35000,99,0
152,69,39,d,37000,70,0
162,30,33,f,64000,116,1
157,60,35,c,68000,103,0
165,44,25,f,24000,100,0
141,33,23,b,65000,97,0
156,59,26,f,60000,127,1
164,58,29,f,62000,141,1
169,63,36,d,27000,66,0
157,32,12,e,43000,132,1
169,37,34,e,52000,101,0
151,37,16,a,47000,93,0
155,51,29,f,74000,145,1
167,48,28,b,38000,85,0
153,41,20,a,23000,80,0
152,31,18,f,39000,114,1
160,30,25,f,62000,126,1
145,64,32,d,26000,56,0
160,56,20,b,67000,127,1
155,52,12,e,62000,160,1
167,31,39,a,48000,68,0
152,61,21,c,30000,70,0
157,51,19,c,34000,106,0
141,32,34,c,65000,88,0
142,54,23,b,68000,107,0
151,59,20,f,33000,124,1
142,31,35,d,77000,103,0
141,52,26,e,41000,107,0
143,54,13,d,48000,116,1
161,38,31,b,79000,101,0
141,56,38,e,63000,110,1
164,39,30,a,29000,65,0
150,57,22,c,51000,104,0
168,48,32,d,20000,73,0
148,55,26,e,57000,116,1
160,47,35,f,74000,125,1
157,67,29,d,44000,94,0
148,63,31,f,50000,86,0
163,48,27,b,79000,121,1
150,68,35,a,31000,47,0
169,42,38,c,64000,103,0
148,63,25,a,38000,62,0
158,56,13,b,61000,127,1
156,51,36,b,58000,88,0
168,45,16,e,61000,145,1
158,54,27,d,74000,133,1
141,48,31,c,32000,66,0
146,34,13,d,65000,124,1
143,34,30,b,49000,79,0
152,32,13,c,54000,114,1
165,68,18,d,68000,132,1
169,61,34,e,40000,81,0
162,44,14,d,70000,139,1
141,61,39,e,63000,98,0
140,39,16,c,68000,118,1
164,51,36,e,76000,129,1
167,68,18,c,72000,135,1
149,50,19,a,79000,120,1
148,40,21,c,42000,85,0
160,36,34,e,73000,114,1
168,67,26,b,49000,87,0
167,44,22,b,41000,94,0
148,62,24,e,36000,86,0
146,61,34,f,64000,104,0
154,55,18,f,77000,160,1
167,43,22,c,69000,118,1
163,37,29,b,79000,116,1
164,69,26,b,25000,69,0
147,66,30,d,46000,89,0
161,64,26,f,27000,93,0
148,35,28,f,43000,103,0
144,54,39,f,25000,80,0
167,68,18,c,53000,117,1
157,66,18,b,61000,115,1
159,44,26,d,71000,128,1
147,55,17,b,69000,122,1
143,32,22,a,49000,73,0
167,65,33,b,55000,81,0
152,69,37,b,44000,67,0
145,37,29,c,66000,103,0
153,45,15,f,59000,137,1
145,55,27,a,45000,83,0
165,54,36,c,63000,108,0
158,44,31,b,45000,74,0
148,68,34,c,51000,77,0
152,44,15,b,32000,95,0
141,59,28,d,50000,101,0
146,30,25,a,45000,73,0
167,47,27,d,36000,97,0
162,51,17,e,68000,150,1
161,68,18,d,47000,114,1
166,34,18,d,49000,116,1
156,37,18,b,69000,117,1
160,55,34,f,28000,85,0
164,41,33,b,29000,61,0
165,35,36,a,40000,59,0
146,44,38,a,57000,72,0
141,44,21,c,57000,99,0
164,50,24,c,35000,91,0
157,46,35,d,30000,68,0
168,33,29,d,66000,119,1
145,42,38,b,66000,87,0
144,37,29,f,46000,103,0
147,32,12,c,51000,124,1
151,51,26,e,25000,94,0
154,50,14,e,59000,131,1
164,57,28,c,58000,114,1
146,50,24,d,33000,87,0
163,54,15,f,22000,120,1
166,39,23,c,60000,104,0
149,57,29,a,49000,83,0
140,64,36,d,33000,65,0
151,45,30,e,78000,134,1
169,36,37,f,21000,80,0
145,42,36,f,21000,75,0
165,61,21,a,73000,108,0
154,37,21,f,47000,108,0
149,41,19,a,25000,75,0
158,53,32,e,62000,115,1
166,32,31,e,34000,83,0
145,56,20,e,46000,122,1
169,40,33,a,47000,68,0
151,31,24,c,71000,117,1
168,36,37,d,38000,77,0
159,47,33,a,24000,50,0
154,35,39,f,75000,120,1
153,48,26,f,49000,113,1
147,32,33,c,31000,61,0
157,36,26,f,57000,117,1
165,65,16,e,44000,120,1
147,64,20,e,31000,101,0
166,64,37,b,37000,63,0
156,65,23,a,23000,58,0
163,55,29,e,27000,99,0
164,55,19,e,43000,132,1
151,50,27,c,37000,86,0
168,61,33,b,20000,54,0
154,61,33,c,53000,82,0
148,47,27,e,23000,84,0
154,31,29,d,59000,105,0
166,37,33,a,33000,59,0
150,38,19,a,25000,70,0
163,40,39,a,75000,95,0
143,69,12,a,39000,92,0
168,63,16,c,73000,135,1
161,38,37,e,37000,83,0
141,64,18,c,27000,80,0
143,69,32,f,45000,86,0
155,54,30,e,48000,112,1
167,59,18,b,26000,96,0
150,53,21,e,34000,98,0
155,68,34,a,46000,61,0
160,67,14,c,46000,103,0
144,61,29,c,28000,65,0
155,62,34,e,40000,76,0
152,56,32,d,35000,82,0
156,37,17,c,77000,132,1
143,35,31,a,53000,67,0
154,62,30,d,78000,121,1
157,38,34,a,70000,81,0
164,60,23,e,57000,126,1
144,35,17,d,23000,88,0
157,54,30,a,29000,70,0
158,59,33,c,35000,76,0
145,39,13,b,68000,112,1
151,63,32,e,32000,76,0
151,55,16,f,20000,115,1
155,50,23,e,35000,98,0
144,34,22,b,75000,106,0
152,50,22,c,37000,86,0
142,54,37,f,45000,98,0
154,68,14,b,23000,79,0
140,56,38,e,53000,101,0
166,31,32,b,62000,92,0
147,41,39,c,40000,66,0
145,46,17,b,78000,126,1
155,30,24,d,47000,96,0
143,37,36,a,61000,76,0
144,65,39,c,54000,77,0
142,60,38,c,37000,71,0
168,49,31,c,54000,94,0
154,40,13,c,34000,96,0
145,47,24,b,36000,75,0
146,55,39,c,61000,98,0
150,36,27,a,20000,55,0
167,33,39,e,41000,92,0
169,44,36,c,76000,112,1
150,32,28,a,38000,64,0
168,44,20,f,21000,115,1
158,67,23,a,46000,76,0
153,57,19,f,72000,160,1
167,39,18,a,27000,80,0
161,39,19,f,52000,137,1
146,55,35,d,32000,77,0
156,38,27,d,71000,123,1
145,61,17,f,20000,98,0
168,64,38,e,62000,108,0
146,56,19,d,69000,134,1
157,40,17,d,66000,129,1
151,53,36,b,24000,61,0
144,31,32,c,39000,61,0
150,60,28,b,63000,107,0
164,49,17,e,24000,109,1
161,67,32,d,41000,84,0
169,51,15,f,35000,129,1
156,43,21,d,70000,119,1
167,69,17,f,39000,117,1
146,41,12,f,32000,129,1
142,34,22,a,45000,73,0
153,35,15,b,40000,90,0
163,61,16,a,52000,105,0
162,51,39,a,32000,69,0
148,43,17,c,78000,132,1
146,34,21,c,30000,67,0
163,66,30,a,76000,108,0
147,48,16,f,51000,132,1
151,44,31,f,26000,80,0
142,63,25,b,70000,95,0
158,55,16,b,60000,118,1
145,43,32,f,42000,93,0
153,43,20,a,64000,116,1
163,58,25,e,62000,135,1
150,69,37,d,72000,101,0
154,65,39,d,76000,106,0
146,58,29,a,49000,83,0
140,39,16,e,26000,94,0
150,36,30,d,26000,73,0
153,63,15,a,70000,109,1
147,65,32,f,41000,86,0
147,30,23,d,33000,82,0
144,46,33,d,42000,81,0
158,67,22,b,55000,91,0
154,32,30,a,28000,60,0
144,48,36,f,48000,93,0
141,62,31,e,57000,89,0
148,46,24,d,74000,123,1
155,57,17,f,71000,160,1
158,53,36,e,38000,88,0
153,56,17,e,72000,154,1
147,50,24,f,64000,126,1
144,41,30,c,25000,72,0
158,40,39,e,68000,105,0
163,38,13,c,38000,101,0
155,50,19,a,51000,107,0
168,35,15,a,35000,89,0
144,64,34,d,27000,56,0
154,36,30,d,76000,123,1
167,41,20,d,21000,103,0
168,46,34,c,46000,85,0
152,61,16,f,39000,112,1
150,53,39,e,71000,119,1
142,46,19,a,30000,75,0
162,34,22,c,74000,122,1
165,38,16,e,52000,131,1
152,43,31,b,72000,101,0
152,65,13,e,67000,133,1
166,36,25,c,28000,77,0
163,63,13,c,46000,108,0
145,52,18,d,34000,107,0
148,69,29,a,38000,62,0
166,48,21,d,62000,124,1
169,61,12,c,78000,150,1
150,48,21,f,41000,108,0
160,50,13,e,36000,113,1
149,51,25,e,24000,89,0
148,40,35,c,42000,70,0
142,35,18,c,47000,100,0
143,47,33,e,49000,87,0
148,55,24,e,22000,89,0
141,41,32,e,75000,114,1
158,66,22,e,59000,109,1
151,59,33,f,73000,130,1
149,47,31,d,29000,63,0
153,50,32,b,50000,74,0
146,55,12,b,79000,146,1
162,33,33,a,36000,59,0
156,59,38,b,40000,70,0
169,52,16,f,70000,156,1
150,34,24,c,59000,94,0
156,41,33,d,39000,77,0
148,37,16,c,58000,109,1
143,60,22,c,75000,122,1
151,66,29,a,54000,85,0
152,40,24,c,26000,72,0
154,52,39,e,30000,79,0
167,57,21,b,66000,117,1
154,45,33,b,74000,101,0
150,41,26,e,75000,129,1
162,59,20,e,41000,132,1
141,60,19,f,43000,128,1
152,44,19,f,63000,146,1
149,38,20,b,60000,103,0
160,63,26,e,74000,127,1
160,49,25,b,69000,107,0
167,61,35,d,40000,75,0
162,36,38,f,45000,98,0
150,45,19,c,35000,96,0
141,58,12,d,58000,140,1
149,50,32,a,37000,54,0
157,36,27,c,50000,90,0
152,44,24,f,73000,140,1
155,56,38,b,58000,88,0
163,43,36,f,76000,130,1
155,46,18,d,45000,116,1
160,66,25,a,23000,58,0
146,41,36,d,49000,81,0
169,59,32,c,55000,99,0
143,64,22,b,24000,59,0
164,43,36,e,43000,97,0
169,59,37,b,39000,75,0
145,34,33,f,50000,88,0
169,57,28,d,79000,138,1
159,31,28,f,60000,117,1
157,61,24,d,27000,76,0
147,65,24,c,44000,83,0
141,38,27,c,51000,94,0
167,51,18,a,56000,117,1
145,52,30,e,32000,98,0
148,33,36,c,55000,79,0
164,35,22,b,49000,89,0
165,48,36,b,78000,106,0
155,40,38,d,67000,99,0
146,47,12,f,20000,120,1
152,69,16,a,46000,91,0
155,32,33,b,54000,78,0
156,43,18,e,60000,131,1
163,41,35,c,63000,103,0
165,50,19,f,52000,142,1
163,35,16,c,45000,110,1
143,30,12,a,78000,130,1
148,69,29,a,63000,89,0
163,43,15,e,43000,127,1
154,38,22,d,24000,78,0
160,37,28,d,53000,105,0
169,62,17,f,78000,153,1
150,60,26,f,24000,95,0
163,44,37,f,77000,130,1
142,42,17,c,78000,132,1
149,35,30,f,69000,121,1
163,45,30,f,70000,136,1
143,49,12,d,24000,108,0
161,62,25,e,21000,87,0
148,58,32,b,75000,101,0
142,65,20,a,48000,86,0
155,60,21,b,68000,112,1
156,45,25,a,50000,83,0
166,47,15,f,41000,133,1
168,31,27,b,58000,98,0
169,67,20,c,79000,135,1
162,50,36,e,38000,88,0
142,55,25,c,53000,104,0
151,35,21,e,54000,111,1
157,53,32,a,69000,91,0
145,47,35,a,52000,72,0
160,49,34,d,56000,95,0
154,53,17,d,65000,139,1
157,55,17,b,44000,109,1
152,41,27,b,46000,89,0
148,32,21,a,39000,64,0
160,33,27,b,46000,84,0
144,53,13,c,65000,128,1
156,48,37,a,42000,68,0
147,69,38,b,39000,53,0
143,50,20,b,35000,90,0
155,68,38,b,27000,49,0
168,54,27,e,74000,144,1
147,56,15,c,60000,119,1
156,37,17,d,59000,120,1
149,62,37,b,41000,62,0
167,62,36,d,68000,102,0
154,65,30,a,79000,103,0
169,43,30,f,46000,118,1
141,38,16,a,69000,106,0
141,51,29,f,61000,131,1
145,39,32,e,57000,91,0
148,56,18,c,47000,110,1
151,49,20,f,20000,110,1
159,30,20,b,69000,117,1
158,31,14,f,23000,105,0
144,65,14,d,33000,95,0
146,47,35,e,49000,87,0
157,68,15,d,73000,136,1
148,43,34,f,50000,93,0
149,69,13,e,24000,92,0
161,31,12,b,22000,101,0
151,33,39,c,61000,93,0
155,48,17,a,35000,89,0
140,65,25,f,33000,92,0
168,51,29,b,40000,90,0
150,49,24,e,37000,93,0
161,31,20,f,64000,146,1
154,38,31,c,20000,57,0
150,31,34,e,26000,64,0
164,46,27,a,63000,106,0
166,35,32,b,22000,56,0
149,48,13,c,54000,114,1
162,66,33,a,70000,84,0
167,51,30,f,29000,105,0
163,36,36,c,76000,107,0
148,64,23,e,76000,122,1
167,47,38,e,70000,115,1
156,41,29,b,50000,89,0
160,38,20,e,68000,135,1
141,48,34,f,23000,75,0
167,39,16,d,22000,98,0
161,34,35,d,61000,104,0
158,39,13,b,28000,81,0
162,41,33,f,32000,94,0
166,68,36,a,40000,57,0
159,67,32,a,60000,70,0
166,55,32,d,34000,87,0
169,38,12,d,54000,140,1
161,48,35,e,45000,97,0
159,35,29,c,75000,117,1
168,63,35,b,69000,90,0
157,55,21,d,69000,124,1
168,36,31,f,40000,89,0
143,65,18,c,36000,89,0
165,39,36,b,45000,74,0
164,65,23,c,51000,102,0
142,66,32,c,33000,59,0
168,48,14,b,38000,100,0
169,66,24,a,66000,99,0
159,61,29,f,57000,115,1
163,56,26,c,27000,87,0
144,50,27,d,43000,96,0
146,61,16,e,42000,110,1
168,69,25,e,48000,105,0
169,62,15,c,30000,90,0
142,38,15,d,62000,124,1
156,43,18,b,36000,95,0
162,44,24,f,48000,118,1
148,63,31,a,39000,47,0
152,65,32,d,72000,106,0
163,51,17,e,20000,114,1
162,48,33,d,50000,91,0
162,46,19,b,40000,100,0
167,36,33,c,62000,98,0
144,40,27,f,23000,85,0
159,36,25,f,58000,117,1
141,51,33,b,72000,101,0
158,31,20,e,34000,108,0
155,40,36,f,63000,111,1
156,67,18,a,41000,91,0
164,66,39,e,34000,81,0
162,57,38,d,64000,114,1
150,56,15,c,60000,119,1
159,51,22,b,41000,94,0
158,54,18,c,76000,142,1
151,32,25,a,73000,105,0
161,41,32,a,60000,82,0
156,43,37,a,52000,77,0
140,64,26,c,52000,92,0
168,37,36,c,59000,89,0
143,44,25,a,23000,60,0
167,34,39,b,29000,56,0
141,61,27,b,30000,59,0
152,46,38,a,48000,68,0
164,47,36,c,23000,67,0
146,54,31,e,37000,83,0
160,32,27,e,31000,93,0
156,69,30,b,39000,73,0
165,46,19,c,36000,106,0
157,32,35,e,36000,78,0
149,36,17,e,45000,112,1
153,58,38,d,48000,91,0
153,41,26,a,68000,101,0
152,65,32,b,35000,58,0
154,36,31,d,40000,72,0
159,43,23,e,33000,98,0
148,51,34,e,20000,74,0
145,46,16,c,60000,114,1
162,53,38,e,72000,129,1
141,41,25,e,55000,111,1
150,45,39,c,39000,66,0
147,30,15,f,58000,127,1
163,62,38,d,20000,66,0
164,63,14,e,41000,120,1
143,56,26,f,42000,113,1
158,51,15,d,32000,112,1
153,64,18,c,45000,103,0
158,61,14,e,22000,97,0
152,46,21,a,59000,92,0
149,53,35,e,77000,119,1
140,66,30,b,41000,77,0
168,62,22,a,74000,108,0
158,57,32,f,53000,112,1
167,68,28,d,33000,90,0
153,68,24,a,29000,58,0
151,39,25,d,45000,96,0
156,49,34,f,43000,98,0
147,62,24,d,28000,71,0
164,53,32,f,57000,117,1
163,57,32,f,31000,99,0
157,49,19,e,21000,104,0
148,36,19,a,79000,115,1
146,67,38,c,37000,59,0
164,58,13,f,72000,165,1
148,31,25,b,67000,97,0
157,53,12,a,69000,136,1
161,68,25,f,54000,120,1
159,41,39,d,24000,68,0
164,49,29,b,23000,76,0
145,59,15,f,20000,110,1
154,61,16,a,69000,109,1
165,32,18,b,28000,86,0
145,58,31,d,53000,95,0
160,41,38,e,43000,92,0
156,45,30,b,51000,98,0
155,57,26,a,21000,70,0
166,40,19,e,38000,113,1
144,54,26,f,53000,122,1
156,43,14,c,73000,137,1
140,52,17,e,40000,113,1
148,63,17,e,76000,137,1
154,57,22,b,54000,103,0
146,53,38,d,56000,95,0
143,37,28,c,62000,103,0
166,30,20,e,25000,104,0
146,44,26,c,39000,81,0
155,40,32,f,58000,102,0
159,44,24,c,44000,95,0
167,58,15,d,70000,144,1
152,44,37,c,27000,62,0
151,57,39,c,39000,76,0
144,48,22,e,22000,84,0
165,43,35,f,54000,112,1
161,37,14,c,22000,92,0
169,31,21,a,32000,74,0
167,47,27,c,68000,118,1
145,45,38,f,60000,102,0
155,47,21,c,26000,77,0
140,63,27,a,74000,98,0
167,58,39,e,28000,84,0
149,43,25,b,32000,75,0
148,44,20,f,68000,141,1
148,62,29,e,51000,104,0
152,46,27,e,29000,89,0
144,39,38,d,40000,67,0
160,37,35,f,63000,111,1
154,42,12,a,35000,104,0
153,35,15,d,20000,93,0
163,31,16,f,41000,128,1
141,49,15,d,69000,129,1
151,38,29,a,61000,96,0
146,57,20,d,47000,116,1
160,55,21,e,52000,121,1
152,37,21,f,41000,108,0
142,36,22,e,47000,97,0
169,55,29,b,33000,90,0
165,68,31,a,76000,93,0
143,64,19,f,41000,116,1
145,44,30,c,26000,72,0
164,39,30,f,38000,104,0
142,33,29,e,41000,97,0
157,58,30,e,28000,94,0
158,56,12,a,31000,109,1
167,54,23,f,49000,123,1
141,46,32,a,26000,45,0
165,33,23,d,48000,101,0
152,31,26,b,46000,84,0
157,30,17,c,35000,96,0
150,50,14,f,22000,105,0
165,63,14,e,60000,129,1
146,50,24,a,62000,96,0
151,54,23,e,68000,130,1
144,49,18,e,25000,99,0
159,32,36,b,60000,78,0
169,33,35,b,74000,101,0
159,55,39,c,30000,67,0
142,45,16,a,43000,93,0
144,50,21,f,46000,108,0
161,52,39,f,76000,135,1
141,67,13,b,70000,110,1
165,67,38,b,63000,90,0
145,62,18,c,62000,116,1
159,38,33,c,47000,75,0
168,53,38,d,51000,105,0
141,69,38,f,51000,95,0
156,36,34,c,28000,57,0
169,36,16,d,25000,98,0
147,63,37,f,67000,104,0
143,61,20,d,32000,95,0
151,63,25,d,66000,112,1
142,42,30,e,40000,93,0
157,33,38,e,28000,69,0
152,53,38,d,74000,118,1
141,47,32,e,54000,96,0
148,31,16,c,70000,118,1
151,36,34,d,46000,81,0
160,60,24,d,73000,133,1
166,50,25,b,65000,112,1
154,43,25,f,34000,104,0
154,66,25,e,46000,100,0
163,55,31,c,28000,72,0
146,38,22,b,41000,79,0
168,57,22,a,23000,75,0
147,42,23,a,79000,105,0
159,37,26,a,57000,87,0
140,59,33,d,63000,104,0
146,55,34,d,22000,68,0
167,50,23,b,21000,76,0
157,56,20,b,49000,109,1
147,40,26,e,70000,115,1
140,56,18,e,30000,104,0
164,61,30,d,51000,108,0
153,67,37,b,50000,67,0
156,66,17,b,58000,106,0
161,52,37,d,62000,114,1
150,58,16,f,28000,110,1
168,59,31,d,70000,114,1
144,54,21,d,35000,92,0
158,40,39,a,33000,54,0
140,61,13,b,48000,92,0
147,69,27,d,49000,89,0
159,43,27,e,28000,89,0
163,67,23,c,48000,93,0
144,31,19,f,75000,145,1
155,36,33,c,35000,66,0
163,65,37,f,45000,96,0
151,31,19,b,39000,90,0
159,55,17,d,77000,148,1
158,35,36,b,63000,87,0
141,31,23,c,63000,103,0
164,57,39,c,53000,99,0
161,59,27,a,71000,120,1
160,42,30,a,65000,101,0
158,43,16,e,66000,140,1
157,60,16,b,46000,109,1
141,50,12,a,76000,135,1
151,31,17,f,66000,141,1
164,32,34,d,70000,104,0
142,49,18,d,45000,111,1
165,53,12,d,35000,132,1
162,58,20,f,69000,156,1
168,50,39,f,61000,121,1
154,66,33,e,57000,94,0
160,56,35,d,55000,100,0
146,34,35,d,53000,85,0
155,36,12,f,73000,165,1
151,30,32,c,72000,102,0
158,49,15,f,72000,155,1
162,65,30,f,66000,129,1
143,30,33,b,24000,46,0
168,41,12,f,63000,166,1
155,38,35,b,44000,69,0
169,34,14,e,51000,131,1
157,42,24,f,67000,131,1
153,65,17,b,54000,106,0
144,37,23,d,50000,91,0
143,65,27,c,62000,101,0
160,45,27,d,70000,119,1
144,43,38,b,29000,51,0
140,47,17,e,60000,126,1
153,36,32,e,51000,96,0
165,44,29,a,57000,97,0
155,56,13,f,34000,124,1
167,51,21,a,21000,75,0
168,63,28,c,71000,120,1
154,41,23,c,79000,122,1
155,53,14,b,43000,109,1
163,34,37,a,58000,77,0
167,52,31,e,30000,84,0
149,64,21,f,22000,83,0
161,30,18,a,58000,107,0
154,64,19,e,37000,106,0
143,33,34,c,24000,52,0
146,52,39,b,29000,56,0
153,37,12,f,66000,156,1
159,65,38,a,33000,52,0
154,49,37,b,35000,65,0
160,57,21,b,58000,103,0
142,36,20,f,61000,136,1
152,60,23,c,46000,100,0
156,50,34,d,24000,68,0
156,66,32,c,23000,55,0
142,31,18,a,58000,97,0
165,51,19,b,33000,105,0
152,61,32,e,38000,76,0
165,62,16,f,62000,144,1
146,35,21,e,39000,88,0
168,67,35,b,51000,81,0
157,52,37,f,44000,103,0
145,35,14,e,47000,112,1
153,34,13,b,77000,126,1
167,64,24,c,40000,84,0
153,33,18,d,64000,129,1
149,43,34,d,30000,63,0
161,37,26,f,75000,140,1
164,52,33,b,61000,102,0
168,68,23,d,24000,81,0
151,52,20,b,52000,118,1
166,65,23,d,39000,90,0
162,52,13,b,20000,96,0
143,59,22,e,49000,107,0
161,65,32,d,79000,111,1
163,55,27,f,62000,141,1
145,64,18,d,73000,131,1
149,57,19,f,63000,146,1
166,66,34,c,34000,69,0
140,60,12,f,33000,134,1
167,43,27,c,44000,100,0
164,33,16,c,46000,110,1
141,49,21,e,37000,93,0
157,34,30,f,51000,117,1
168,36,33,c,53000,89,0
143,49,29,a,62000,96,0
168,48,39,f,35000,94,0
150,66,24,a,67000,89,0
154,34,22,a,75000,105,0
168,55,24,e,76000,144,1
168,49,18,b,53000,118,1
166,59,15,a,46000,108,0
142,66,14,f,21000,98,0
165,35,32,c,67000,98,0
156,58,37,a,36000,64,0
167,62,13,d,23000,96,0
153,61,12,b,50000,112,1
147,61,19,d,39000,95,0
149,52,28,c,41000,95,0
143,69,27,d,58000,98,0
150,46,28,e,49000,102,0
152,33,25,c,66000,108,0
147,40,20,f,49000,118,1
154,46,28,c,75000,122,1
155,57,33,b,31000,70,0
150,66,16,c,46000,98,0
168,57,24,d,67000,129,1
163,42,12,f,24000,130,1
152,52,33,e,60000,106,0
147,57,20,c,44000,110,1
157,49,15,f,36000,119,1
166,49,37,a,53000,82,0
145,42,25,d,64000,114,1
148,33,21,c,72000,112,1
157,59,19,f,24000,115,1
144,47,35,d,29000,63,0
160,48,38,a,60000,77,0
159,65,30,c,71000,115,1
167,66,20,d,24000,96,0
146,69,14,d,61000,122,1
167,49,23,b,26000,76,0
148,40,19,b,29000,76,0
156,59,14,e,46000,127,1
141,41,39,e,30000,69,0
142,56,20,b,43000,104,0
143,33,16,c,74000,127,1
152,56,34,f,32000,94,0
155,67,37,d,62000,97,0
167,60,38,b,73000,111,1
150,48,37,f,33000,84,0
150,41,30,b,27000,66,0
140,69,36,a,70000,74,0
145,34,35,e,58000,91,0
164,59,12,b,27000,111,1
153,62,20,a,69000,109,1
143,33,13,a,72000,115,1
151,41,13,a,47000,98,0
158,53,13,b,49000,109,1
147,41,25,c,69000,108,0
141,35,39,a,74000,85,0
147,65,35,c,20000,50,0
157,67,17,c,31000,94,0
142,60,19,f,38000,119,1
140,49,20,c,45000,105,0
163,55,19,a,41000,108,0
154,36,34,a,24000,45,0
142,49,22,e,27000,84,0
150,32,19,c,52000,109,1
164,30,15,e,76000,149,1
159,48,36,e,58000,101,0
164,46,31,c,73000,112,1
169,57,31,a,57000,87,0
154,63,33,c,39000,64,0
144,58,15,c,30000,92,0
148,51,12,d,21000,113,1
141,67,13,c,62000,116,1
160,45,20,a,37000,89,0
145,65,31,f,71000,113,1
146,41,20,d,67000,129,1
154,48,16,d,44000,116,1
144,48,31,b,48000,69,0
162,30,29,b,64000,107,0
165,65,17,e,25000,102,0
160,44,18,c,53000,119,1
145,69,22,b,20000,59,0
160,65,13,f,70000,139,1
159,64,30,c,60000,97,0
160,45,13,c,78000,137,1
148,54,25,d,51000,110,1
161,42,31,a,55000,82,0
163,33,19,b,27000,86,0
146,44,23,e,70000,120,1
149,32,37,a,20000,40,0
155,59,25,a,71000,115,1
142,61,22,b,21000,59,0
153,66,27,c,45000,88,0
146,58,13,b,55000,113,1
144,38,39,c,46000,70,0
143,31,27,e,35000,88,0
154,54,26,c,34000,91,0
153,69,35,a,41000,61,0
149,31,39,a,75000,85,0
148,38,13,a,61000,106,0
146,55,13,a,34000,89,0
150,46,35,c,47000,75,0
158,31,28,f,68000,126,1
147,66,13,b,22000,74,0
144,31,37,c,63000,88,0
169,66,14,b,60000,111,1
156,49,36,f,31000,89,0
155,42,28,c,49000,95,0
160,38,39,e,56000,96,0
145,59,27,d,29000,83,0
150,60,31,b,28000,56,0
161,64,38,f,52000,105,0
157,51,21,c,48000,100,0
152,41,17,a,34000,89,0
149,41,20,b,34000,90,0
166,48,12,d,69000,154,1
143,52,37,b,38000,65,0
156,49,17,e,71000,149,1
167,61,14,a,63000,114,1
162,38,13,d,39000,107,0
154,53,14,a,42000,103,0
145,57,17,f,40000,119,1
158,63,12,f,44000,136,1
142,38,15,a,23000,70,0
156,62,18,e,75000,142,1
151,32,18,d,20000,93,0
148,59,39,d,76000,113,1
141,48,25,a,62000,96,0
158,31,12,a,61000,126,1
155,42,24,f,52000,122,1
167,61,18,f,42000,126,1
156,65,36,a,30000,43,0
154,33,37,b,78000,96,0
160,66,24,e,62000,118,1
165,69,35,f,42000,96,0
154,61,18,b,35000,88,0
160,57,13,d,43000,121,1
150,64,22,e,35000,86,0
154,44,15,a,67000,116,1
156,52,18,e,72000,154,1
146,50,28,b,58000,93,0
165,62,12,f,36000,132,1
168,59,37,a,36000,69,0
154,31,27,d,34000,87,0
164,55,21,c,29000,87,0
142,41,33,a,78000,90,0
147,39,33,b,22000,46,0
149,45,23,f,20000,90,0
144,65,18,a,55000,95,0
156,53,25,a,75000,115,1
150,32,37,f,36000,79,0
152,50,26,c,21000,77,0
151,51,20,e,31000,118,1
146,64,30,b,76000,104,0
142,60,38,f,20000,80,0
152,63,14,f,42000,121,1
166,61,20,e,21000,102,0
155,46,22,d,70000,119,1
142,65,37,a,27000,38,0
153,44,34,c,27000,62,0
163,62,34,e,50000,90,0
168,53,26,a,43000,93,0
153,61,14,c,63000,121,1
150,44,25,b,55000,93,0
153,61,17,a,34000,82,0
167,56,14,e,30000,114,1
150,61,19,f,72000,143,1
150,50,29,d,21000,78,0
168,35,13,f,46000,128,1
163,35,18,b,42000,104,0
156,66,39,b,67000,85,0
151,31,26,f,33000,99,0
166,54,17,e,44000,132,1
167,34,25,a,55000,92,0
144,41,12,a,63000,126,1
149,32,22,e,21000,79,0
169,39,29,a,77000,110,1
144,52,17,b,64000,122,1
149,47,18,d,76000,138,1
169,61,15,f,38000,117,1
140,50,18,f,57000,132,1
161,46,18,b,64000,127,1
152,32,28,f,41000,108,0
167,50,15,b,23000,91,0
152,67,24,e,20000,82,0
149,67,16,f,33000,107,0
153,66,24,f,77000,133,1
159,43,15,d,36000,107,0
161,64,30,e,23000,87,0
147,50,36,d,64000,99,0
157,42,35,b,48000,74,0
141,59,28,d,60000,110,1
166,36,39,a,29000,50,0
140,37,12,a,30000,85,0
145,66,29,e,66000,113,1
164,64,37,a,78000,93,0
163,59,21,f,76000,150,1
140,50,26,f,54000,117,1
155,54,18,b,58000,118,1
155,34,33,f,35000,84,0
165,50,36,d,25000,73,0
158,58,34,f,22000,85,0
160,58,26,e,30000,94,0
150,47,20,b,78000,126,1
148,33,12,c,64000,133,1
165,41,17,f,28000,115,1
147,43,29,c,29000,72,0
162,66,21,d,66000,117,1
147,52,25,f,68000,131,1
165,43,33,a,54000,82,0
164,64,20,b,77000,129,1
162,63,33,b,77000,99,0
159,64,15,f,20000,103,0
154,37,30,b,51000,93,0
152,47,16,f,64000,146,1
157,59,32,c,38000,76,0
142,46,29,c,49000,90,0
149,52,27,d,63000,119,1
147,35,29,e,66000,115,1
166,63,34,d,49000,84,0
152,35,33,c,39000,66,0
148,45,37,b,63000,87,0
169,68,37,f,48000,96,0
140,64,33,a,44000,56,0
141,35,14,b,67000,112,1
159,54,26,b,70000,112,1
165,57,22,c,33000,96,0
163,39,33,f,69000,116,1
154,67,39,e,63000,103,0
166,68,35,f,33000,87,0
153,38,12,d,21000,108,0
153,47,20,b,26000,86,0
140,61,29,d,62000,107,0
148,40,15,f,66000,136,1
155,55,13,a,20000,85,0
165,69,12,f,42000,141,1
147,30,25,a,49000,73,0
143,66,25,e,73000,122,1
141,52,29,a,60000,92,0
142,61,30,b,76000,104,0
151,62,12,b,41000,112,1
156,36,30,e,25000,84,0
158,53,22,b,44000,94,0
142,34,20,e,36000,103,0
140,63,16,f,74000,143,1
148,64,27,e,70000,113,1
165,41,28,b,34000,85,0
144,55,14,d,79000,143,1
159,67,27,a,45000,76,0
168,34,14,b,26000,86,0
163,52,28,e,50000,117,1
160,57,27,b,38000,85,0
150,57,19,b,42000,104,0
165,64,18,b,53000,111,1
140,40,21,f,36000,94,0
159,61,38,e,21000,67,0
158,56,39,f,54000,112,1
155,55,36,d,57000,100,0
140,42,33,d,45000,81,0
166,59,33,a,40000,69,0
147,62,34,a,36000,47,0
152,63,27,e,67000,118,1
142,33,21,b,57000,88,0
165,32,32,e,71000,119,1
166,62,38,a,31000,57,0
149,42,12,a,67000,126,1
143,44,12,a,70000,126,1
145,63,27,a,68000,89,0
156,57,22,e,60000,121,1
169,47,13,f,55000,142,1
166,61,13,b,37000,93,0
161,49,28,f,42000,118,1
142,45,13,a,62000,111,1
155,33,35,f,21000,75,0
148,42,34,d,24000,63,0
167,42,27,d,51000,115,1
159,43,15,e,44000,122,1
147,64,30,b,54000,86,0
142,34,26,c,50000,85,0
142,40,33,b,62000,82,0
151,66,34,d,67000,97,0
150,66,36,a,60000,65,0
165,69,28,b,58000,96,0
152,30,18,c,68000,123,1
145,66,23,e,47000,95,0
146,69,23,e,30000,77,0
143,30,35,c,25000,52,0
145,42,36,f,21000,75,0
145,57,29,b,71000,116,1
155,47,29,e,62000,125,1
150,52,22,a,50000,83,0
165,64,23,a,72000,108,0
153,57,24,a,70000,106,0
153,49,27,a,31000,74,0
157,45,37,b,47000,74,0
163,56,36,a,39000,69,0
145,44,38,b,76000,96,0
149,45,21,d,60000,105,0
169,33,14,f,39000,119,1
154,51,14,e,61000,145,1
157,58,13,e,41000,127,1
146,65,17,e,24000,92,0
166,36,32,c,58000,89,0
144,63,21,a,48000,71,0
168,41,20,b,57000,118,1
167,39,12,a,31000,104,0
145,52,21,b,53000,98,0
163,55,15,c,65000,138,1
162,64,22,c,67000,111,1
149,55,21,a,74000,110,1
158,31,23,c,48000,90,0
162,66,34,f,68000,114,1
144,68,39,d,36000,65,0
147,37,15,b,59000,103,0
149,51,12,f,32000,134,1
163,48,26,e,38000,103,0
164,48,32,e,52000,106,0
153,65,22,c,34000,79,0
144,30,38,f,74000,115,1
160,69,22,e,37000,91,0
149,51,36,e,55000,101,0
160,44,37,d,66000,104,0
155,56,36,c,29000,67,0
149,67,13,e,48000,110,1
168,30,36,c,34000,71,0
154,30,17,b,45000,99,0
157,45,23,f,70000,131,1
141,57,35,a,31000,59,0
142,43,12,d,69000,144,1
161,49,25,b,54000,103,0
164,49,38,b,71000,106,0
149,56,14,a,65000,116,1
159,39,36,f,48000,93,0
144,69,12,a,60000,110,1
141,46,32,d,40000,72,0
144,60,20,a,43000,98,0
154,55,27,c,32000,91,0
146,47,13,a,26000,75,0
152,46,14,c,51000,119,1
141,65,12,e,69000,143,1
147,39,24,a,77000,100,0
140,61,21,f,63000,119,1
155,61,13,b,36000,88,0
141,41,24,c,76000,117,1
162,45,13,e,29000,109,1
144,32,36,b,47000,64,0
147,52,37,d,57000,95,0
156,30,34,a,32000,54,0
140,37,33,e,59000,91,0
147,60,28,a,44000,83,0
155,50,13,f,25000,110,1
167,41,24,d,64000,124,1
145,48,17,e,55000,126,1
162,46,12,f,62000,166,1
162,51,15,f,67000,156,1
147,62,37,a,25000,38,0
156,49,15,f,67000,146,1
151,41,13,a,68000,116,1
142,41,18,d,61000,129,1
149,37,36,d,24000,58,0
167,66,30,a,54000,90,0
149,43,30,c,68000,108,0
145,47,14,d,58000,120,1
148,56,15,e,48000,122,1
168,44,13,a,48000,103,0
141,37,14,d,74000,133,1
167,32,26,a,66000,101,0
167,63,28,e,37000,96,0
141,38,31,f,79000,115,1
162,58,35,b,39000,75,0
153,54,17,c,44000,115,1
149,34,22,d,41000,91,0
145,49,23,c,69000,108,0
166,38,37,f,29000,80,0
141,46,27,d,34000,87,0
151,64,38,c,52000,82,0
167,32,29,c,38000,86,0
154,48,18,d,26000,98,0
146,54,14,e,20000,104,0
158,54,25,f,28000,100,0
162,36,21,a,34000,74,0
145,44,37,d,74000,108,0
140,30,22,b,78000,106,0
165,52,38,f,23000,90,0
151,51,32,b,55000,88,0
158,66,24,b,58000,91,0
151,40,37,a,34000,54,0
151,41,18,e,32000,113,1
145,45,16,a,68000,111,1
160,31,12,a,49000,108,0
162,52,16,e,60000,141,1
165,47,20,d,27000,103,0
141,54,35,d,44000,86,0
156,66,13,e,57000,124,1
157,66,38,e,61000,103,0
148,52,16,a,31000,89,0
162,53,33,a,71000,105,0
168,34,34,a,79000,95,0
161,47,18,d,51000,130,1
154,36,27,e,66000,120,1
143,30,28,f,73000,130,1
166,42,34,d,59000,100,0
146,60,28,f,33000,104,0
145,68,27,c,66000,101,0
141,50,22,b,30000,66,0
146,43,36,f,35000,84,0
164,59,35,d,39000,87,0
147,48,36,b,75000,96,0
146,44,32,b,70000,87,0
162,64,34,f,60000,105,0
163,59,29,e,70000,135,1
164,41,35,f,57000,112,1
158,49,31,a,70000,86,0
151,57,15,a,36000,94,0
164,66,28,f,23000,93,0
148,62,32,b,29000,44,0
141,48,34,e,65000,105,0
144,30,37,a,72000,85,0
159,59,27,b,79000,121,1
148,67,21,b,65000,95,0
153,40,35,c,37000,66,0
159,49,16,d,26000,98,0
140,45,15,e,42000,117,1
150,38,17,d,64000,124,1
165,60,24,e,38000,108,0
165,38,27,e,63000,125,1
168,53,27,e,51000,126,1
162,64,39,a,20000,48,0
141,54,23,e,42000,107,0
160,50,36,e,75000,119,1
153,33,18,c,69000,123,1
143,62,28,f,55000,110,1
157,40,30,c,41000,90,0
148,54,35,d,28000,68,0
157,56,21,a,46000,88,0
145,49,21,b,44000,84,0
140,42,19,e,67000,135,1
143,60,35,a,65000,86,0
144,36,29,b,36000,70,0
160,52,13,e,63000,145,1
166,60,30,a,32000,84,0
152,57,23,b,36000,85,0
155,51,30,d,61000,124,1
153,54,17,a,78000,130,1
153,50,20,f,66000,146,1
142,32,19,d,34000,97,0
147,43,39,d,75000,108,0
152,56,24,b,46000,94,0
149,52,14,d,77000,143,1
158,64,23,e,44000,100,0
153,35,25,e,40000,93,0
149,69,12,e,45000,125,1
166,30,19,e,40000,113,1
155,66,36,f,59000,100,0
154,52,32,a,23000,55,0
145,47,16,c,39000,96,0
153,54,14,e,61000,145,1
148,59,39,b,39000,65,0
151,57,19,c,30000,97,0
143,32,34,d,55000,85,0
159,43,19,a,49000,98,0
156,58,16,e,39000,118,1
166,46,35,c,43000,85,0
159,39,25,d,56000,105,0
160,60,30,c,43000,100,0
160,43,33,b,44000,74,0
155,48,17,a,59000,107,0
154,47,17,a,63000,116,1
159,51,27,a,65000,106,0
163,54,13,a,37000,99,0
147,60,20,e,28000,104,0
141,45,35,c,24000,57,0
157,61,17,d,61000,127,1
142,69,24,b,73000,104,0
160,66,23,b,52000,91,0
149,62,24,c,53000,92,0
157,39,24,c,48000,90,0
141,69,38,a,25000,38,0
148,39,17,f,48000,118,1
160,33,13,a,49000,93,0
146,38,24,e,52000,106,0
147,36,28,a,61000,91,0
152,36,25,b,51000,93,0
150,47,18,e,27000,99,0
142,61,14,a,28000,68,0
150,42,39,d,64000,99,0
165,36,32,d,26000,68,0
150,38,27,d,40000,82,0
167,68,38,a,21000,48,0
151,53,12,f,63000,166,1
159,51,33,b,32000,70,0
156,40,25,e,73000,129,1
147,58,39,c,61000,98,0
153,54,35,f,75000,130,1
147,30,16,c,24000,82,0
155,43,36,f,32000,89,0
146,66,28,c,44000,83,0
151,67,12,a,29000,88,0
140,62,17,d,60000,113,1
162,58,24,b,38000,90,0
150,62,25,b,49000,77,0
166,66,24,c,70000,111,1
151,40,15,e,78000,144,1
143,59,28,a,63000,101,0
169,43,13,c,60000,124,1
151,31,20,a,29000,75,0
149,66,21,e,33000,86,0
155,62,17,e,78000,142,1
156,39,16,e,66000,135,1
157,62,12,a,39000,97,0
163,55,21,c,46000,105,0
158,41,24,c,34000,86,0
147,64,37,b,30000,44,0
158,31,25,e,50000,102,0
162,30,20,d,26000,98,0
169,45,36,c,52000,94,0
153,57,37,a,28000,55,0
153,48,12,a,25000,95,0
151,33,16,f,54000,132,1
161,32,17,b,28000,86,0
169,60,34,c,36000,81,0
146,39,33,d,67000,94,0
156,35,20,e,48000,117,1
154,36,24,e,61000,120,1
155,48,23,a,63000,101,0
154,58,25,f,60000,127,1
153,51,39,b,32000,70,0
149,46,25,f,26000,90,0
168,61,35,e,78000,117,1
159,47,38,f,40000,89,0
144,58,33,b,44000,74,0
165,56,20,b,71000,141,1
163,69,34,a,57000,75,0
153,31,22,f,53000,117,1
159,43,34,d,49000,86,0
152,32,38,c,36000,66,0
167,66,30,e,41000,105,0
154,62,20,e,37000,106,0
146,67,37,b,41000,62,0
140,59,32,f,38000,89,0
151,34,30,c,58000,99,0
147,45,16,d,24000,93,0
162,38,34,c,33000,71,0
151,31,22,c,51000,99,0
146,46,23,f,54000,117,1
169,35,35,d,40000,77,0
142,66,15,c,56000,107,0
152,69,18,b,60000,106,0
157,51,23,e,60000,121,1
154,41,19,f,75000,155,1
159,38,12,b,62000,132,1
164,68,38,d,54000,93,0
164,59,25,e,25000,99,0
169,65,31,d,46000,84,0
148,59,38,c,52000,89,0
165,61,38,a,38000,57,0
148,49,19,e,43000,117,1
160,48,33,a,66000,86,0
154,36,38,d,27000,63,0
146,37,34,c,33000,61,0
162,48,36,d,29000,73,0
143,32,26,c,55000,94,0
164,64,26,c,30000,75,0
144,58,23,d,40000,92,0
144,33,38,b,72000,91,0
161,36,38,d,26000,68,0
150,54,28,d,41000,101,0
148,45,19,f,36000,114,1
140,65,13,e,43000,110,1
160,30,14,d,72000,138,1
163,53,13,f,41000,138,1
140,31,22,a,22000,55,0
155,58,20,e,53000,136,1
165,45,35,b,77000,106,0
166,39,27,b,51000,98,0
162,65,23,f,55000,120,1
168,54,14,c,42000,120,1
145,50,19,c,44000,105,0
144,57,38,a,33000,59,0
168,53,37,e,79000,129,1
154,57,34,f,63000,121,1
148,39,31,a,64000,76,0
166,38,14,f,34000,119,1
167,65,32,c,56000,87,0
162,58,34,f,58000,117,1
148,46,25,f,62000,126,1
164,48,24,b,22000,76,0
162,68,16,a,62000,114,1
142,55,31,b,77000,101,0
147,36,17,c,39000,91,0
164,35,32,c,55000,89,0
157,40,16,a,72000,120,1
153,36,22,c,51000,99,0
142,63,14,d,50000,104,0
157,61,14,b,24000,79,0
160,60,17,d,40000,112,1
153,64,33,e,65000,103,0
156,41,34,f,39000,89,0
158,35,33,d,71000,108,0
146,62,37,d,22000,56,0
158,43,25,f,69000,131,1
157,66,34,b,24000,49,0
166,32,12,a,36000,104,0
143,66,17,c,71000,125,1
168,58,19,f,40000,129,1
148,53,27,d,29000,83,0
147,45,39,a,52000,72,0
148,33,31,a,63000,76,0
154,59,30,a,61000,106,0
158,54,13,c,62000,133,1
156,69,31,b,75000,94,0
143,53,29,b,54000,98,0
155,45,31,e,39000,83,0
147,49,37,d,21000,63,0
145,44,21,d,54000,105,0
166,40,26,a,54000,92,0
167,52,12,d,63000,159,1
152,43,19,e,57000,131,1
159,35,37,b,63000,87,0
142,43,29,d,23000,78,0
146,63,27,f,64000,119,1
151,51,21,f,40000,109,1
141,41,15,d,66000,129,1
144,45,34,d,78000,108,0
154,64,14,e,27000,97,0
168,64,13,a,52000,105,0
162,36,27,a,41000,83,0
160,60,28,f,43000,118,1
142,42,14,f,28000,105,0
166,62,25,f,43000,111,1
162,49,21,e,79000,139,1
143,66,36,d,52000,83,0
169,34,16,f,74000,155,1
167,40,36,e,78000,119,1
154,32,17,b,76000,126,1
146,43,28,d,71000,123,1
160,43,18,a,64000,116,1
148,44,24,f,23000,90,0
163,58,32,e,55000,111,1
157,50,28,a,72000,110,1
165,68,25,c,36000,84,0
149,55,30,d,73000,128,1
142,48,28,d,20000,78,0
146,64,20,f,58000,125,1
163,52,24,a,31000,84,0
152,67,25,b,59000,91,0
153,64,17,e,26000,97,0
143,66,19,c,70000,116,1
144,35,36,f,38000,79,0
164,65,21,c,27000,75,0
155,38,29,c,60000,99,0
156,56,27,e,59000,121,1
159,42,32,f,40000,89,0
150,59,38,b,52000,83,0
165,48,18,a,47000,103,0
158,36,32,d,45000,81,0
148,61,25,d,69000,107,0
163,42,22,c,29000,82,0
164,32,35,f,31000,89,0
152,56,26,a,55000,97,0
140,53,16,b,76000,131,1
159,43,18,a,37000,89,0
152,35,31,b,66000,87,0
159,65,31,f,63000,109,1
147,67,16,f,52000,125,1
144,33,20,f,44000,118,1
161,64,12,a,59000,120,1
153,66,21,e,38000,91,0
167,61,37,b,71000,99,0
145,46,34,a,42000,63,0
162,56,34,d,52000,105,0
167,44,15,a,35000,94,0
150,67,39,c,78000,95,0
148,40,27,f,51000,112,1
141,37,27,e,43000,97,0
168,44,14,d,32000,112,1
167,47,23,f,45000,118,1
158,64,36,d,79000,106,0
142,53,19,d,23000,98,0
153,65,13,d,43000,109,1
166,69,36,c,62000,96,0
150,41,35,b,38000,60,0
164,42,30,c,73000,127,1
144,48,27,a,55000,87,0
149,48,19,c,54000,114,1
144,49,12,a,28000,90,0
143,36,20,d,58000,115,1
145,64,15,f,65000,134,1
161,35,20,f,36000,119,1
162,38,37,a,69000,86,0
159,51,22,f,35000,109,1
158,59,34,b,75000,106,0
145,54,15,b,31000,95,0
141,41,30,b,31000,75,0
147,61,38,e,64000,98,0
142,62,35,f,72000,113,1
161,36,16,e,28000,104,0
157,48,16,f,67000,146,1
155,52,25,d,30000,88,0
161,43,16,c,25000,97,0
145,64,29,c,33000,74,0
162,31,28,f,69000,131,1
144,56,39,b,75000,101,0
168,57,15,b,73000,141,1
140,31,19,a,70000,106,0
153,53,36,d,25000,73,0
149,45,33,a,70000,81,0
159,67,15,f,32000,112,1
159,65,16,e,76000,142,1
157,42,35,e,76000,119,1
148,56,34,f,26000,80,0
165,45,12,e,60000,151,1
152,30,19,b,60000,108,0
163,34,30,b,27000,71,0
158,37,39,b,64000,87,0
162,66,34,a,62000,84,0
163,33,20,c,24000,92,0
145,64,31,c,44000,68,0
156,30,18,c,27000,87,0
152,69,29,d,48000,94,0
163,64,17,f,31000,117,1
154,67,26,f,43000,106,0
163,51,14,a,38000,99,0
162,67,26,d,28000,81,0
146,54,32,c,70000,98,0
155,48,20,a,73000,125,1
153,30,36,b,37000,60,0
168,65,29,e,40000,96,0
140,48,14,b,41000,99,0
142,49,19,d,50000,111,1
159,64,17,e,60000,124,1
152,59,13,e,45000,127,1
151,49,21,c,51000,104,0
159,59,20,b,42000,109,1
160,64,15,e,77000,142,1
150,52,33,f,36000,89,0
156,55,18,e,77000,154,1
160,43,27,f,73000,140,1
149,49,12,f,73000,165,1
141,47,34,d,24000,63,0
142,68,20,f,39000,107,0
141,55,24,b,64000,107,0
140,57,22,a,41000,83,0
155,68,27,c,44000,88,0
150,67,30,b,37000,68,0
164,46,32,b,48000,79,0
141,69,22,d,33000,80,0
163,43,22,d,22000,88,0
161,51,18,c,24000,102,0
162,56,22,c,61000,123,1
155,63,22,b,46000,82,0
157,34,17,b,38000,90,0
147,41,12,a,78000,135,1
149,38,29,f,45000,103,0
159,37,19,a,43000,93,0
156,56,31,f,76000,130,1
168,67,39,b,44000,72,0
156,32,29,d,36000,87,0
167,63,20,c,58000,117,1
146,30,23,f,51000,112,1
146,55,19,d,43000,116,1
156,46,12,c,71000,152,1
160,61,15,f,56000,130,1
160,50,39,e,35000,83,0
142,43,31,d,55000,90,0
166,63,30,f,48000,111,1
146,67,22,d,72000,116,1
145,43,33,a,36000,54,0
165,59,24,a,78000,120,1
159,51,33,c,74000,112,1
151,69,19,b,38000,88,0
169,39,15,c,20000,92,0
159,50,18,a,67000,116,1
158,54,15,d,54000,130,1
152,53,24,d,47000,106,0
146,41,25,c,70000,108,0
149,37,27,b,46000,79,0
153,67,29,b,34000,73,0
168,60,35,f,23000,90,0
145,52,24,f,37000,104,0
168,64,35,d,65000,102,0
163,69,14,b,29000,84,0
160,32,19,c,47000,105,0
151,54,39,a,52000,82,0
141,69,14,b,63000,110,1
158,64,14,c,25000,85,0
163,56,37,d,48000,96,0
141,58,21,a,76000,110,1
153,56,34,b,47000,79,0
157,49,28,f,55000,122,1
168,37,36,c,22000,62,0
149,35,15,a,59000,97,0
161,68,34,e,22000,72,0
163,69,15,b,47000,102,0
